"id","name","samlConsumerUrl","samlConsumerUrls"
578149602163689100,"My Test Org 1551117256",,
578149602163688600,"Miles Meraki",,
578149602163689100,"Default Test Organization",,
578149602163688800,"Your org",,
578149602163688800,"Your org",,
578149602163689100,"Cathy's Car",,
578149602163689000,"Your org",,
578149602163688700,"asjjasbf",,
578149602163689100,"My Test Org 1551117176",,
578149602163688700,"Your org",,
578149602163689000,"TorysLab",,
578149602163688700,"Your org",,
578149602163689000,"Your org",,
578149602163688800,"Your org",,
578149602163689100,"Test Org [creation] 1551299383",,
578149602163689100,"test 2",,
578149602163688800,"Your org",,
578149602163689100,"Doug's House",,
578149602163688800,"Your org",,
578149602163689000,"Your org",,
578149602163689100,"Cathy Crib",,
578149602163689000,"Test Org",,
578149602163689100,"My Test Org 1551117278",,
578149602163689100,"Your org",,
578149602163689100,"doug12",,
578149602163689100,"Lab 5",,
578149602163689100,"Your org",,
578149602163688800,"Your org",,
578149602163689100,"Your org",,
578149602163688800,"My org",,
578149602163688700,"Your org",,
578149602163689100,"TestLab",,
578149602163689100,"Test Org [creation] 1551299469",,
578149602163688700,"Chris Test",,
578149602163688800,"Your org",,
578149602163688600,"Tina Test",,
578149602163689100,"Lata rd",,
578149602163689100,"Tory's Test Lab",,
578149602163689100,"Test Org 1551210428",,
578149602163688800,"Your org",,
578149602163689100,"Scheebly Schneebly",,
578149602163689100,"Your org",,
578149602163689100,"doug",,
578149602163689100,"testtttt222",,
578149602163689100,"Test Org [creation] 1551296176",,
578149602163688800,"Your org",,
578149602163689000,"Your org",,
578149602163688700,"Curtis",,
578149602163688700,"Your org",,
578149602163689100,"My Org 788999",,
578149602163689100,"TestLab",,
578149602163688600,"Your org",,
578149602163689100,"1",,
578149602163689100,"Doug's Garage",,
578149602163689000,"Your org",,
578149602163689000,"Your org",,
578149602163689100,"Your org",,
578149602163689100,"Test Org 1551210001",,
578149602163689100,"Test Org [creation] 1551298980",,
578149602163689100,"Test Org [creation] 1551299339",,
578149602163689100,"Lab 4",,
578149602163689100,"Test Org [creation] 1551297109",,
578149602163689100,"Doug's House 2",,
578149602163688800,"Your org",,
578149602163689000,"Your org",,
578149602163688800,"Your org",,
537758,"Meraki LaunchpadðŸš€","https://n149.meraki.com/saml/login/d029Cc/rtFn7bJtIRna","[""https://n149.meraki.com/saml/login/d029Cc/rtFn7bJtIRna""]"